{"cameraMode":{"drawMode":0,"name":"Shaded","section":"Shading Mode"},"sceneLighting":false,"audioPlay":false,"sceneViewState":{"showFog":true,"showMaterialUpdate":false,"showSkybox":false,"showFlares":true,"showImageEffects":true,"showParticleSystems":true},"in2DMode":false,"pivot":{"x":4.696901321411133,"y":-0.6174030303955078,"z":-5.351505279541016},"rotation":{"x":0.37362319231033327,"y":-0.48052138090133669,"z":0.23711591958999635,"w":0.7571582794189453},"size":11.431548118591309,"orthographic":false}