{"cameraMode":{"drawMode":0,"name":"Shaded","section":"Shading Mode"},"sceneLighting":true,"audioPlay":false,"sceneViewState":{"showFog":true,"showMaterialUpdate":false,"showSkybox":true,"showFlares":true,"showImageEffects":true,"showParticleSystems":true},"in2DMode":false,"pivot":{"x":-10.779869079589844,"y":0.8072381019592285,"z":-8.399263381958008},"rotation":{"x":0.03486752510070801,"y":-0.8759365677833557,"z":0.06394737213850022,"w":0.476942241191864},"size":33.253318786621097,"orthographic":false}