{"cameraMode":{"drawMode":0,"name":"Shaded","section":"Shading Mode"},"sceneLighting":false,"audioPlay":false,"sceneViewState":{"showFog":true,"showMaterialUpdate":false,"showSkybox":false,"showFlares":true,"showImageEffects":true,"showParticleSystems":true},"in2DMode":false,"pivot":{"x":1.1829999685287476,"y":0.9473296403884888,"z":0.05799996852874756},"rotation":{"x":-0.04809723421931267,"y":0.6265286207199097,"z":-0.03876123204827309,"w":-0.7769911885261536},"size":2.162982225418091,"orthographic":false}